Workbook

Sheet gescon_intervenant
A1: lgn_interven | B1: lien_contact | C1: Lu_matin | D1: Lu_repmid | E1: Lu_aprem | F1: Lu_repsoi | G1: Lu_soire | H1: Ma_matin | I1: Ma_repmid | J1: Ma_aprem | K1: Ma_repsoi | L1: Ma_soire | M1: Me_matin | N1: Me_repmid | O1: Me_aprem | P1: Me_repsoi | Q1: Me_soire | R1: Je_matin | S1: Je_repmid | T1: Je_aprem | U1: Je_repsoi | V1: Je_soire | W1: Ve_matin | X1: Ve_repmid | Y1: Ve_aprem | Z1: Ve_repsoi | AA1: Ve_soire | AB1: Sa_matin | AC1: Sa_repmid | AD1: Sa_aprem | AE1: Sa_repsoi | AF1: Sa_soire | AG1: Di_matin | AH1: Di_repmid | AI1: Di_aprem | AJ1: Di_repsoi | AK1: Di_soire | AL1: RegInter_prio | AM1: RegInter_event | AN1: RegInter_depan | AO1: Exper_Compet | AP1: References
A2: 1 | B2: 2072341970 | C2: FALSE | D2: FALSE | E2: FALSE | F2: FALSE | G2: FALSE | H2: FALSE | I2: FALSE | J2: FALSE | K2: FALSE | L2: FALSE | M2: FALSE | N2: FALSE | O2: FALSE | P2: FALSE | Q2: FALSE | R2: FALSE | S2: FALSE | T2: FALSE | U2: FALSE | V2: FALSE | W2: FALSE | X2: FALSE | Y2: FALSE | Z2: FALSE | AA2: FALSE | AB2: FALSE | AC2: FALSE | AD2: FALSE | AE2: FALSE | AF2: FALSE | AG2: FALSE | AH2: FALSE | AI2: FALSE | AJ2: FALSE | AK2: FALSE | AL2: Sion
A3: 2 | B3: -554084105 | C3: FALSE | D3: FALSE | E3: FALSE | F3: FALSE | G3: FALSE | H3: FALSE | I3: FALSE | J3: FALSE | K3: FALSE | L3: FALSE | M3: FALSE | N3: FALSE | O3: FALSE | P3: FALSE | Q3: FALSE | R3: FALSE | S3: FALSE | T3: FALSE | U3: FALSE | V3: FALSE | W3: FALSE | X3: FALSE | Y3: FALSE | Z3: FALSE | AA3: FALSE | AB3: FALSE | AC3: FALSE | AD3: FALSE | AE3: FALSE | AF3: FALSE | AG3: FALSE | AH3: FALSE | AI3: FALSE | AJ3: FALSE | AK3: FALSE | AL3: Sion | AO3: - Particiaption aux activités Cerebral
A4: 3 | B4: -1100872493 | C4: FALSE | D4: FALSE | E4: FALSE | F4: FALSE | G4: FALSE | H4: FALSE | I4: FALSE | J4: FALSE | K4: FALSE | L4: FALSE | M4: FALSE | N4: FALSE | O4: FALSE | P4: FALSE | Q4: FALSE | R4: FALSE | S4: FALSE | T4: FALSE | U4: FALSE | V4: FALSE | W4: FALSE | X4: FALSE | Y4: FALSE | Z4: FALSE | AA4: FALSE | AB4: FALSE | AC4: FALSE | AD4: FALSE | AE4: FALSE | AF4: FALSE | AG4: FALSE | AH4: FALSE | AI4: FALSE | AJ4: FALSE | AK4: FALSE | AL4: Monthey | AM4: Martigny | AO4: participe aux w-e et camps cerebral
A5: 4 | B5: 1291910802 | C5: FALSE | D5: FALSE | E5: FALSE | F5: FALSE | G5: FALSE | H5: FALSE | I5: FALSE | J5: FALSE | K5: FALSE | L5: FALSE | M5: FALSE | N5: FALSE | O5: FALSE | P5: FALSE | Q5: FALSE | R5: FALSE | S5: FALSE | T5: FALSE | U5: FALSE | V5: FALSE | W5: FALSE | X5: FALSE | Y5: FALSE | Z5: FALSE | AA5: FALSE | AB5: FALSE | AC5: FALSE | AD5: FALSE | AE5: FALSE | AF5: FALSE | AG5: FALSE | AH5: FALSE | AI5: FALSE | AJ5: FALSE | AK5: FALSE | AL5: Monthey | AM5: Martigny | AO5: participe aux activités cerebral
A6: 5 | B6: 1142412576 | C6: FALSE | D6: FALSE | E6: FALSE | F6: FALSE | G6: FALSE | H6: FALSE | I6: FALSE | J6: FALSE | K6: FALSE | L6: FALSE | M6: FALSE | N6: FALSE | O6: FALSE | P6: FALSE | Q6: FALSE | R6: FALSE | S6: FALSE | T6: FALSE | U6: FALSE | V6: FALSE | W6: FALSE | X6: FALSE | Y6: FALSE | Z6: FALSE | AA6: FALSE | AB6: FALSE | AC6: FALSE | AD6: FALSE | AE6: FALSE | AF6: FALSE | AG6: FALSE | AH6: FALSE | AI6: FALSE | AJ6: FALSE | AK6: FALSE | AL6: Sion | AM6: Sierre | AN6: Savièse | AO6: participe aux activité Cerebral
A7: 6 | B7: 1317305611 | C7: FALSE | D7: FALSE | E7: FALSE | F7: FALSE | G7: FALSE | H7: FALSE | I7: FALSE | J7: FALSE | K7: FALSE | L7: FALSE | M7: FALSE | N7: FALSE | O7: FALSE | P7: FALSE | Q7: FALSE | R7: FALSE | S7: FALSE | T7: FALSE | U7: FALSE | V7: FALSE | W7: FALSE | X7: TRUE | Y7: TRUE | Z7: TRUE | AA7: TRUE | AB7: FALSE | AC7: FALSE | AD7: FALSE | AE7: FALSE | AF7: FALSE | AG7: FALSE | AH7: FALSE | AI7: FALSE | AJ7: FALSE | AK7: FALSE | AL7: Conthey | AM7: Sion | AO7: pas disponible 1x par mois le vendredi entre 17h-18h participe aux activités cerebral
A8: 7 | B8: 1924663704 | C8: FALSE | D8: FALSE | E8: FALSE | F8: FALSE | G8: FALSE | H8: FALSE | I8: FALSE | J8: FALSE | K8: FALSE | L8: FALSE | M8: FALSE | N8: FALSE | O8: FALSE | P8: FALSE | Q8: FALSE | R8: FALSE | S8: FALSE | T8: FALSE | U8: FALSE | V8: FALSE | W8: FALSE | X8: FALSE | Y8: FALSE | Z8: FALSE | AA8: FALSE | AB8: FALSE | AC8: FALSE | AD8: FALSE | AE8: FALSE | AF8: FALSE | AG8: FALSE | AH8: FALSE | AI8: FALSE | AJ8: FALSE | AK8: FALSE | AL8: Sierre | AM8: Sion | AO8: participe aux activités Cerebral
A9: 8 | B9: 1315811525 | C9: FALSE | D9: FALSE | E9: FALSE | F9: FALSE | G9: FALSE | H9: FALSE | I9: FALSE | J9: FALSE | K9: FALSE | L9: FALSE | M9: FALSE | N9: FALSE | O9: FALSE | P9: FALSE | Q9: FALSE | R9: FALSE | S9: FALSE | T9: FALSE | U9: FALSE | V9: FALSE | W9: FALSE | X9: FALSE | Y9: FALSE | Z9: FALSE | AA9: FALSE | AB9: FALSE | AC9: FALSE | AD9: FALSE | AE9: FALSE | AF9: FALSE | AG9: FALSE | AH9: FALSE | AI9: FALSE | AJ9: FALSE | AK9: FALSE | AL9: Sion | AM9: Sierre | AN9: Martigny | AO9: permis de voiture participe aux activités Cerebral dimanche jusqu'à 20h30
A10: 9 | B10: 1493190852 | C10: FALSE | D10: FALSE | E10: FALSE | F10: FALSE | G10: FALSE | H10: FALSE | I10: FALSE | J10: FALSE | K10: FALSE | L10: FALSE | M10: FALSE | N10: FALSE | O10: FALSE | P10: FALSE | Q10: FALSE | R10: FALSE | S10: FALSE | T10: FALSE | U10: FALSE | V10: FALSE | W10: FALSE | X10: FALSE | Y10: FALSE | Z10: FALSE | AA10: FALSE | AB10: FALSE | AC10: FALSE | AD10: FALSE | AE10: FALSE | AF10: FALSE | AG10: FALSE | AH10: FALSE | AI10: FALSE | AJ10: FALSE | AK10: FALSE
A11: 10 | B11: 1314194184 | C11: FALSE | D11: FALSE | E11: FALSE | F11: FALSE | G11: FALSE | H11: FALSE | I11: FALSE | J11: TRUE | K11: FALSE | L11: FALSE | M11: FALSE | N11: FALSE | O11: FALSE | P11: FALSE | Q11: FALSE | R11: FALSE | S11: FALSE | T11: FALSE | U11: FALSE | V11: FALSE | W11: FALSE | X11: FALSE | Y11: FALSE | Z11: TRUE | AA11: TRUE | AB11: TRUE | AC11: TRUE | AD11: TRUE | AE11: TRUE | AF11: TRUE | AG11: TRUE | AH11: TRUE | AI11: TRUE | AJ11: TRUE | AK11: TRUE | AL11: Martigny | AM11: Monthey | AO11: participe aux activités Cerebral disponible du 16.11.11 au 16.03.12 et toutes les vacances scolaires
A12: 11 | B12: 1290764579 | C12: FALSE | D12: FALSE | E12: FALSE | F12: FALSE | G12: FALSE | H12: FALSE | I12: FALSE | J12: FALSE | K12: FALSE | L12: FALSE | M12: FALSE | N12: FALSE | O12: FALSE | P12: FALSE | Q12: FALSE | R12: FALSE | S12: FALSE | T12: FALSE | U12: FALSE | V12: FALSE | W12: FALSE | X12: FALSE | Y12: FALSE | Z12: FALSE | AA12: FALSE | AB12: FALSE | AC12: FALSE | AD12: FALSE | AE12: FALSE | AF12: FALSE | AG12: FALSE | AH12: FALSE | AI12: FALSE | AJ12: FALSE | AK12: FALSE | AL12: Monthey | AM12: Martigny | AO12: particiaption aux activités Cerebral + Asa stagiaire à Cerebral en 2011 permis de conduire
A13: 12 | B13: 558428742 | C13: FALSE | D13: FALSE | E13: FALSE | F13: FALSE | G13: FALSE | H13: FALSE | I13: FALSE | J13: FALSE | K13: FALSE | L13: FALSE | M13: FALSE | N13: FALSE | O13: FALSE | P13: FALSE | Q13: FALSE | R13: FALSE | S13: FALSE | T13: FALSE | U13: FALSE | V13: FALSE | W13: FALSE | X13: FALSE | Y13: FALSE | Z13: FALSE | AA13: FALSE | AB13: FALSE | AC13: FALSE | AD13: FALSE | AE13: FALSE | AF13: FALSE | AG13: FALSE | AH13: FALSE | AI13: FALSE | AJ13: FALSE | AK13: FALSE | AL13: Martigny | AM13: Monthey | AN13: Sion | AO13: participe aux activités Cerebral
A14: 13 | B14: 1229346852 | C14: FALSE | D14: FALSE | E14: FALSE | F14: FALSE | G14: FALSE | H14: FALSE | I14: FALSE | J14: FALSE | K14: FALSE | L14: FALSE | M14: FALSE | N14: FALSE | O14: FALSE | P14: FALSE | Q14: FALSE | R14: FALSE | S14: FALSE | T14: FALSE | U14: FALSE | V14: FALSE | W14: FALSE | X14: FALSE | Y14: FALSE | Z14: FALSE | AA14: FALSE | AB14: FALSE | AC14: FALSE | AD14: FALSE | AE14: FALSE | AF14: FALSE | AG14: FALSE | AH14: FALSE | AI14: FALSE | AJ14: FALSE | AK14: FALSE | AL14: Sierre | AM14: Rarogne | AN14: Viège | AO14: participe aux activités Cerebral
A15: 14 | B15: 1185283018 | C15: FALSE | D15: FALSE | E15: FALSE | F15: TRUE | G15: TRUE | H15: FALSE | I15: FALSE | J15: FALSE | K15: FALSE | L15: FALSE | M15: TRUE | N15: TRUE | O15: TRUE | P15: TRUE | Q15: TRUE | R15: TRUE | S15: TRUE | T15: TRUE | U15: TRUE | V15: TRUE | W15: TRUE | X15: FALSE | Y15: FALSE | Z15: FALSE | AA15: FALSE | AB15: TRUE | AC15: FALSE | AD15: FALSE | AE15: FALSE | AF15: FALSE | AG15: TRUE | AH15: FALSE | AI15: FALSE | AJ15: FALSE | AK15: FALSE | AL15: Conthey | AM15: Sion | AN15: Martigny | AO15: -participe aux activités Cerebral - permis +voiture pour mettre une cahisse pliable
A16: 15 | B16: 1283238740 | C16: FALSE | D16: FALSE | E16: FALSE | F16: FALSE | G16: FALSE | H16: FALSE | I16: FALSE | J16: FALSE | K16: FALSE | L16: FALSE | M16: FALSE | N16: FALSE | O16: FALSE | P16: FALSE | Q16: FALSE | R16: FALSE | S16: FALSE | T16: FALSE | U16: FALSE | V16: FALSE | W16: FALSE | X16: FALSE | Y16: FALSE | Z16: FALSE | AA16: FALSE | AB16: FALSE | AC16: FALSE | AD16: FALSE | AE16: FALSE | AF16: FALSE | AG16: FALSE | AH16: FALSE | AI16: FALSE | AJ16: FALSE | AK16: FALSE | AL16: Sion | AM16: Sierre | AO16: - participe aux activités Cerebral
A17: 16 | B17: 1272349759 | C17: FALSE | D17: FALSE | E17: FALSE | F17: TRUE | G17: TRUE | H17: FALSE | I17: FALSE | J17: FALSE | K17: TRUE | L17: TRUE | M17: FALSE | N17: FALSE | O17: FALSE | P17: TRUE | Q17: TRUE | R17: FALSE | S17: FALSE | T17: FALSE | U17: TRUE | V17: TRUE | W17: FALSE | X17: FALSE | Y17: FALSE | Z17: TRUE | AA17: TRUE | AB17: TRUE | AC17: TRUE | AD17: TRUE | AE17: TRUE | AF17: TRUE | AG17: TRUE | AH17: TRUE | AI17: TRUE | AJ17: TRUE | AK17: TRUE | AL17: Martigny | AM17: Monthey | AN17: Sion
A18: 17 | B18: 402979448 | C18: FALSE | D18: FALSE | E18: FALSE | F18: FALSE | G18: FALSE | H18: FALSE | I18: FALSE | J18: FALSE | K18: FALSE | L18: FALSE | M18: FALSE | N18: FALSE | O18: FALSE | P18: FALSE | Q18: FALSE | R18: FALSE | S18: FALSE | T18: FALSE | U18: FALSE | V18: FALSE | W18: FALSE | X18: FALSE | Y18: FALSE | Z18: FALSE | AA18: FALSE | AB18: FALSE | AC18: FALSE | AD18: FALSE | AE18: FALSE | AF18: FALSE | AG18: FALSE | AH18: FALSE | AI18: FALSE | AJ18: FALSE | AK18: FALSE | AL18: Sion | AM18: Sierre | AO18: - participe aux activités Cerebral
A19: 18 | B19: 1831959862 | C19: FALSE | D19: FALSE | E19: FALSE | F19: FALSE | G19: FALSE | H19: FALSE | I19: FALSE | J19: FALSE | K19: FALSE | L19: FALSE | M19: FALSE | N19: FALSE | O19: FALSE | P19: FALSE | Q19: FALSE | R19: FALSE | S19: FALSE | T19: FALSE | U19: FALSE | V19: FALSE | W19: FALSE | X19: FALSE | Y19: FALSE | Z19: FALSE | AA19: FALSE | AB19: FALSE | AC19: FALSE | AD19: FALSE | AE19: FALSE | AF19: FALSE | AG19: FALSE | AH19: FALSE | AI19: FALSE | AJ19: FALSE | AK19: FALSE | AL19: Sierre | AM19: Sion | AO19: - paricipe aux activités Cerebral
A20: 19 | B20: 1265008574 | C20: FALSE | D20: FALSE | E20: FALSE | F20: FALSE | G20: FALSE | H20: FALSE | I20: FALSE | J20: FALSE | K20: FALSE | L20: FALSE | M20: FALSE | N20: FALSE | O20: FALSE | P20: FALSE | Q20: FALSE | R20: FALSE | S20: FALSE | T20: FALSE | U20: FALSE | V20: FALSE | W20: FALSE | X20: FALSE | Y20: FALSE | Z20: FALSE | AA20: FALSE | AB20: FALSE | AC20: FALSE | AD20: FALSE | AE20: FALSE | AF20: FALSE | AG20: FALSE | AH20: FALSE | AI20: FALSE | AJ20: FALSE | AK20: FALSE | AL20: Sierre | AM20: Sion | AO20: -participation aux activités Cerebral - lundi de 15h30 à 22h30 - mardi idem - mercredi de 11h45 à 16h30 - jeudi de 15h30 à 22h30 vedredi de 15h30 à 22h30
A21: 20 | B21: 1273502716 | C21: FALSE | D21: FALSE | E21: FALSE | F21: FALSE | G21: FALSE | H21: FALSE | I21: FALSE | J21: FALSE | K21: FALSE | L21: FALSE | M21: FALSE | N21: FALSE | O21: FALSE | P21: FALSE | Q21: FALSE | R21: FALSE | S21: FALSE | T21: FALSE | U21: FALSE | V21: FALSE | W21: FALSE | X21: FALSE | Y21: FALSE | Z21: TRUE | AA21: TRUE | AB21: TRUE | AC21: TRUE | AD21: TRUE | AE21: TRUE | AF21: TRUE | AG21: TRUE | AH21: TRUE | AI21: TRUE | AJ21: TRUE | AK21: TRUE | AL21: Martigny | AM21: Sion | AO21: - participation aux activités Cerebral le lundi à partir de avril
A22: 21 | B22: 1322732912 | C22: FALSE | D22: FALSE | E22: FALSE | F22: FALSE | G22: FALSE | H22: FALSE | I22: FALSE | J22: FALSE | K22: FALSE | L22: FALSE | M22: FALSE | N22: FALSE | O22: FALSE | P22: FALSE | Q22: FALSE | R22: FALSE | S22: FALSE | T22: FALSE | U22: FALSE | V22: FALSE | W22: FALSE | X22: FALSE | Y22: FALSE | Z22: FALSE | AA22: FALSE | AB22: FALSE | AC22: FALSE | AD22: FALSE | AE22: FALSE | AF22: FALSE | AG22: FALSE | AH22: FALSE | AI22: FALSE | AJ22: FALSE | AK22: FALSE | AL22: Sierre | AM22: Sion | AO22: doit faire 2 W-e avant de faire partie des intervenants
A23: 22 | B23: 2541 | C23: FALSE | D23: FALSE | E23: FALSE | F23: FALSE | G23: FALSE | H23: FALSE | I23: FALSE | J23: FALSE | K23: FALSE | L23: FALSE | M23: FALSE | N23: FALSE | O23: FALSE | P23: FALSE | Q23: FALSE | R23: FALSE | S23: FALSE | T23: FALSE | U23: FALSE | V23: FALSE | W23: FALSE | X23: FALSE | Y23: FALSE | Z23: FALSE | AA23: FALSE | AB23: FALSE | AC23: FALSE | AD23: FALSE | AE23: FALSE | AF23: FALSE | AG23: FALSE | AH23: FALSE | AI23: FALSE | AJ23: FALSE | AK23: FALSE
A24: 23 | B24: 1319632834 | C24: TRUE | D24: FALSE | E24: FALSE | F24: FALSE | G24: FALSE | H24: FALSE | I24: FALSE | J24: FALSE | K24: FALSE | L24: FALSE | M24: FALSE | N24: FALSE | O24: FALSE | P24: FALSE | Q24: FALSE | R24: FALSE | S24: FALSE | T24: FALSE | U24: FALSE | V24: FALSE | W24: FALSE | X24: FALSE | Y24: FALSE | Z24: FALSE | AA24: FALSE | AB24: FALSE | AC24: FALSE | AD24: FALSE | AE24: FALSE | AF24: FALSE | AG24: FALSE | AH24: FALSE | AI24: FALSE | AJ24: FALSE | AK24: FALSE | AL24: Sion | AM24: Conthey | AN24: Sierre | AO24: école d'infirmier à fait 2 W-E à cerebral
A25: 24 | B25: 674820052 | C25: FALSE | D25: FALSE | E25: FALSE | F25: FALSE | G25: FALSE | H25: FALSE | I25: FALSE | J25: FALSE | K25: FALSE | L25: FALSE | M25: FALSE | N25: FALSE | O25: FALSE | P25: FALSE | Q25: FALSE | R25: FALSE | S25: FALSE | T25: FALSE | U25: FALSE | V25: FALSE | W25: FALSE | X25: FALSE | Y25: FALSE | Z25: FALSE | AA25: FALSE | AB25: FALSE | AC25: FALSE | AD25: FALSE | AE25: FALSE | AF25: FALSE | AG25: FALSE | AH25: FALSE | AI25: FALSE | AJ25: FALSE | AK25: FALSE | AL25: Sion | AM25: Sierre | AN25: Savièse
A26: 25 | B26: -1042748270 | C26: FALSE | D26: FALSE | E26: FALSE | F26: FALSE | G26: FALSE | H26: FALSE | I26: FALSE | J26: FALSE | K26: FALSE | L26: FALSE | M26: TRUE | N26: FALSE | O26: FALSE | P26: FALSE | Q26: FALSE | R26: FALSE | S26: FALSE | T26: FALSE | U26: FALSE | V26: FALSE | W26: FALSE | X26: FALSE | Y26: FALSE | Z26: TRUE | AA26: TRUE | AB26: TRUE | AC26: FALSE | AD26: TRUE | AE26: FALSE | AF26: FALSE | AG26: TRUE | AH26: FALSE | AI26: TRUE | AJ26: FALSE | AK26: FALSE | AL26: Monthey | AM26: Choëx | AN26: Martigny
A27: 26 | B27: -1820907060 | C27: FALSE | D27: FALSE | E27: FALSE | F27: FALSE | G27: FALSE | H27: FALSE | I27: FALSE | J27: FALSE | K27: FALSE | L27: FALSE | M27: FALSE | N27: FALSE | O27: FALSE | P27: FALSE | Q27: FALSE | R27: FALSE | S27: FALSE | T27: FALSE | U27: FALSE | V27: FALSE | W27: FALSE | X27: FALSE | Y27: FALSE | Z27: FALSE | AA27: FALSE | AB27: FALSE | AC27: FALSE | AD27: FALSE | AE27: FALSE | AF27: FALSE | AG27: FALSE | AH27: FALSE | AI27: FALSE | AJ27: FALSE | AK27: FALSE | AL27: Sierre | AM27: Sion | AN27: Martigny
A28: 27 | B28: 1316707040 | C28: FALSE | D28: FALSE | E28: FALSE | F28: FALSE | G28: FALSE | H28: FALSE | I28: FALSE | J28: FALSE | K28: FALSE | L28: FALSE | M28: FALSE | N28: FALSE | O28: FALSE | P28: FALSE | Q28: FALSE | R28: FALSE | S28: FALSE | T28: FALSE | U28: FALSE | V28: FALSE | W28: FALSE | X28: FALSE | Y28: FALSE | Z28: FALSE | AA28: FALSE | AB28: FALSE | AC28: FALSE | AD28: FALSE | AE28: FALSE | AF28: FALSE | AG28: FALSE | AH28: FALSE | AI28: FALSE | AJ28: FALSE | AK28: FALSE | AL28: Sion | AM28: Sierre | AN28: Martigny
A29: 28 | B29: 1017724288 | C29: FALSE | D29: FALSE | E29: FALSE | F29: FALSE | G29: FALSE | H29: FALSE | I29: FALSE | J29: FALSE | K29: FALSE | L29: FALSE | M29: FALSE | N29: FALSE | O29: FALSE | P29: FALSE | Q29: FALSE | R29: FALSE | S29: FALSE | T29: FALSE | U29: FALSE | V29: FALSE | W29: FALSE | X29: FALSE | Y29: FALSE | Z29: FALSE | AA29: FALSE | AB29: FALSE | AC29: FALSE | AD29: FALSE | AE29: FALSE | AF29: FALSE | AG29: FALSE | AH29: FALSE | AI29: FALSE | AJ29: FALSE | AK29: FALSE | AL29: Sion | AM29: Sierre
A30: 29 | B30: 2146188959 | C30: FALSE | D30: FALSE | E30: FALSE | F30: FALSE | G30: FALSE | H30: FALSE | I30: FALSE | J30: FALSE | K30: FALSE | L30: FALSE | M30: FALSE | N30: FALSE | O30: FALSE | P30: FALSE | Q30: FALSE | R30: FALSE | S30: FALSE | T30: FALSE | U30: FALSE | V30: FALSE | W30: FALSE | X30: FALSE | Y30: FALSE | Z30: FALSE | AA30: FALSE | AB30: FALSE | AC30: FALSE | AD30: FALSE | AE30: FALSE | AF30: FALSE | AG30: FALSE | AH30: FALSE | AI30: FALSE | AJ30: FALSE | AK30: FALSE | AL30: Sierre | AM30: Sion | AN30: Martigny
A31: 30 | B31: 2780 | C31: FALSE | D31: FALSE | E31: FALSE | F31: FALSE | G31: FALSE | H31: FALSE | I31: FALSE | J31: FALSE | K31: FALSE | L31: FALSE | M31: FALSE | N31: FALSE | O31: FALSE | P31: FALSE | Q31: FALSE | R31: FALSE | S31: FALSE | T31: FALSE | U31: FALSE | V31: FALSE | W31: FALSE | X31: FALSE | Y31: FALSE | Z31: FALSE | AA31: FALSE | AB31: FALSE | AC31: FALSE | AD31: FALSE | AE31: FALSE | AF31: FALSE | AG31: FALSE | AH31: FALSE | AI31: FALSE | AJ31: FALSE | AK31: FALSE | AL31: Sion | AM31: Sierre | AN31: Martigny
A32: 31 | B32: 1472015652 | C32: FALSE | D32: FALSE | E32: FALSE | F32: FALSE | G32: FALSE | H32: FALSE | I32: FALSE | J32: FALSE | K32: FALSE | L32: FALSE | M32: FALSE | N32: FALSE | O32: FALSE | P32: FALSE | Q32: FALSE | R32: FALSE | S32: FALSE | T32: FALSE | U32: FALSE | V32: FALSE | W32: FALSE | X32: FALSE | Y32: FALSE | Z32: FALSE | AA32: FALSE | AB32: FALSE | AC32: FALSE | AD32: FALSE | AE32: FALSE | AF32: FALSE | AG32: FALSE | AH32: FALSE | AI32: FALSE | AJ32: FALSE | AK32: FALSE | AL32: Sierre | AM32: Sion | AN32: Martigny
A33: 32 | B33: 1231232923 | C33: FALSE | D33: FALSE | E33: FALSE | F33: FALSE | G33: FALSE | H33: FALSE | I33: FALSE | J33: FALSE | K33: FALSE | L33: FALSE | M33: FALSE | N33: FALSE | O33: FALSE | P33: FALSE | Q33: FALSE | R33: FALSE | S33: FALSE | T33: FALSE | U33: FALSE | V33: FALSE | W33: FALSE | X33: FALSE | Y33: FALSE | Z33: FALSE | AA33: FALSE | AB33: TRUE | AC33: TRUE | AD33: TRUE | AE33: TRUE | AF33: TRUE | AG33: TRUE | AH33: TRUE | AI33: TRUE | AJ33: TRUE | AK33: TRUE | AL33: Martigny | AM33: Sion | AN33: Monthey | AO33: plusieurs w-e à cerebral
A34: 33 | B34: 1293630950 | C34: FALSE | D34: FALSE | E34: FALSE | F34: FALSE | G34: FALSE | H34: FALSE | I34: FALSE | J34: FALSE | K34: FALSE | L34: FALSE | M34: FALSE | N34: FALSE | O34: FALSE | P34: FALSE | Q34: FALSE | R34: FALSE | S34: FALSE | T34: FALSE | U34: FALSE | V34: FALSE | W34: FALSE | X34: FALSE | Y34: FALSE | Z34: FALSE | AA34: FALSE | AB34: FALSE | AC34: FALSE | AD34: FALSE | AE34: FALSE | AF34: FALSE | AG34: FALSE | AH34: FALSE | AI34: FALSE | AJ34: FALSE | AK34: FALSE | AL34: Sion | AM34: Martigny
A35: 34 | B35: 2146188964 | C35: FALSE | D35: FALSE | E35: FALSE | F35: FALSE | G35: FALSE | H35: FALSE | I35: FALSE | J35: FALSE | K35: FALSE | L35: FALSE | M35: FALSE | N35: FALSE | O35: FALSE | P35: FALSE | Q35: FALSE | R35: FALSE | S35: FALSE | T35: FALSE | U35: FALSE | V35: FALSE | W35: FALSE | X35: FALSE | Y35: FALSE | Z35: FALSE | AA35: FALSE | AB35: FALSE | AC35: FALSE | AD35: FALSE | AE35: FALSE | AF35: FALSE | AG35: FALSE | AH35: FALSE | AI35: FALSE | AJ35: FALSE | AK35: FALSE | AL35: Sion | AM35: Sierre | AN35: Martigny
A36: 35 | B36: 1300885603 | C36: FALSE | D36: FALSE | E36: FALSE | F36: FALSE | G36: FALSE | H36: FALSE | I36: FALSE | J36: FALSE | K36: FALSE | L36: FALSE | M36: FALSE | N36: FALSE | O36: FALSE | P36: FALSE | Q36: FALSE | R36: FALSE | S36: FALSE | T36: FALSE | U36: FALSE | V36: FALSE | W36: FALSE | X36: FALSE | Y36: FALSE | Z36: FALSE | AA36: FALSE | AB36: FALSE | AC36: FALSE | AD36: FALSE | AE36: FALSE | AF36: FALSE | AG36: FALSE | AH36: FALSE | AI36: FALSE | AJ36: FALSE | AK36: FALSE | AL36: Conthey | AM36: Sion | AN36: Martigny
A37: 36 | B37: 2146188936 | C37: FALSE | D37: FALSE | E37: FALSE | F37: FALSE | G37: FALSE | H37: FALSE | I37: FALSE | J37: FALSE | K37: FALSE | L37: FALSE | M37: FALSE | N37: FALSE | O37: FALSE | P37: FALSE | Q37: FALSE | R37: FALSE | S37: FALSE | T37: FALSE | U37: FALSE | V37: FALSE | W37: FALSE | X37: FALSE | Y37: FALSE | Z37: FALSE | AA37: FALSE | AB37: FALSE | AC37: FALSE | AD37: FALSE | AE37: FALSE | AF37: FALSE | AG37: FALSE | AH37: FALSE | AI37: FALSE | AJ37: FALSE | AK37: FALSE | AL37: Sion | AM37: Martigny
A38: 37 | B38: 2146189030 | C38: TRUE | D38: TRUE | E38: TRUE | F38: TRUE | G38: TRUE | H38: TRUE | I38: TRUE | J38: TRUE | K38: TRUE | L38: TRUE | M38: TRUE | N38: TRUE | O38: TRUE | P38: TRUE | Q38: TRUE | R38: TRUE | S38: TRUE | T38: TRUE | U38: TRUE | V38: TRUE | W38: TRUE | X38: TRUE | Y38: TRUE | Z38: TRUE | AA38: TRUE | AB38: TRUE | AC38: TRUE | AD38: TRUE | AE38: TRUE | AF38: TRUE | AG38: TRUE | AH38: TRUE | AI38: TRUE | AJ38: TRUE | AK38: TRUE | AL38: Sion | AM38: Sierre | AN38: Conthey
A39: 38 | B39: 2146189075 | C39: FALSE | D39: FALSE | E39: FALSE | F39: FALSE | G39: FALSE | H39: FALSE | I39: FALSE | J39: FALSE | K39: FALSE | L39: FALSE | M39: FALSE | N39: FALSE | O39: FALSE | P39: FALSE | Q39: FALSE | R39: FALSE | S39: FALSE | T39: FALSE | U39: FALSE | V39: FALSE | W39: FALSE | X39: FALSE | Y39: FALSE | Z39: FALSE | AA39: FALSE | AB39: FALSE | AC39: FALSE | AD39: FALSE | AE39: FALSE | AF39: FALSE | AG39: FALSE | AH39: FALSE | AI39: FALSE | AJ39: FALSE | AK39: FALSE
A40: 39 | B40: 2146189068 | C40: FALSE | D40: FALSE | E40: FALSE | F40: FALSE | G40: FALSE | H40: FALSE | I40: FALSE | J40: FALSE | K40: FALSE | L40: FALSE | M40: FALSE | N40: FALSE | O40: FALSE | P40: FALSE | Q40: FALSE | R40: FALSE | S40: FALSE | T40: FALSE | U40: FALSE | V40: FALSE | W40: FALSE | X40: FALSE | Y40: FALSE | Z40: FALSE | AA40: FALSE | AB40: FALSE | AC40: FALSE | AD40: FALSE | AE40: FALSE | AF40: FALSE | AG40: FALSE | AH40: FALSE | AI40: FALSE | AJ40: FALSE | AK40: FALSE | AL40: Sion | AM40: Martigny | AN40: Sierre
A41: 40 | B41: 1003999342 | C41: FALSE | D41: FALSE | E41: FALSE | F41: FALSE | G41: FALSE | H41: FALSE | I41: FALSE | J41: FALSE | K41: FALSE | L41: FALSE | M41: FALSE | N41: FALSE | O41: FALSE | P41: FALSE | Q41: FALSE | R41: FALSE | S41: FALSE | T41: FALSE | U41: FALSE | V41: FALSE | W41: FALSE | X41: FALSE | Y41: FALSE | Z41: FALSE | AA41: FALSE | AB41: TRUE | AC41: TRUE | AD41: TRUE | AE41: TRUE | AF41: TRUE | AG41: TRUE | AH41: TRUE | AI41: TRUE | AJ41: TRUE | AK41: TRUE | AL41: Conthey | AM41: Sion | AN41: Sierre | AO41: depuis plus de 10 ans accompagnantes | AP41: Elsa Fournier Aurélie Ballestraz
A42: 41 | B42: 1127805523 | C42: FALSE | D42: FALSE | E42: FALSE | F42: FALSE | G42: FALSE | H42: FALSE | I42: FALSE | J42: FALSE | K42: FALSE | L42: FALSE | M42: FALSE | N42: FALSE | O42: FALSE | P42: FALSE | Q42: FALSE | R42: FALSE | S42: FALSE | T42: FALSE | U42: FALSE | V42: FALSE | W42: FALSE | X42: FALSE | Y42: FALSE | Z42: FALSE | AA42: FALSE | AB42: FALSE | AC42: FALSE | AD42: FALSE | AE42: FALSE | AF42: FALSE | AG42: FALSE | AH42: FALSE | AI42: FALSE | AJ42: FALSE | AK42: FALSE | AL42: Sion | AM42: Conthey
A43: 42 | B43: 2146189064 | C43: FALSE | D43: FALSE | E43: FALSE | F43: FALSE | G43: FALSE | H43: FALSE | I43: FALSE | J43: FALSE | K43: FALSE | L43: FALSE | M43: FALSE | N43: FALSE | O43: FALSE | P43: FALSE | Q43: FALSE | R43: FALSE | S43: FALSE | T43: FALSE | U43: FALSE | V43: FALSE | W43: FALSE | X43: FALSE | Y43: FALSE | Z43: FALSE | AA43: FALSE | AB43: FALSE | AC43: FALSE | AD43: FALSE | AE43: FALSE | AF43: FALSE | AG43: FALSE | AH43: FALSE | AI43: FALSE | AJ43: FALSE | AK43: FALSE | AL43: Sierre | AM43: Sion
A44: 43 | B44: 2146189065 | C44: FALSE | D44: FALSE | E44: FALSE | F44: FALSE | G44: FALSE | H44: FALSE | I44: FALSE | J44: FALSE | K44: FALSE | L44: FALSE | M44: FALSE | N44: FALSE | O44: FALSE | P44: FALSE | Q44: FALSE | R44: FALSE | S44: FALSE | T44: FALSE | U44: FALSE | V44: FALSE | W44: FALSE | X44: FALSE | Y44: FALSE | Z44: FALSE | AA44: FALSE | AB44: FALSE | AC44: FALSE | AD44: FALSE | AE44: FALSE | AF44: FALSE | AG44: FALSE | AH44: FALSE | AI44: FALSE | AJ44: FALSE | AK44: FALSE | AL44: Martigny | AM44: Saint-Maurice | AN44: Sion | AO44: W-e chez Cerebral plutôt avec une personne avec handicap léger | AP44: serais assez disponible à voir avec elle
A45: 44 | B45: 2146189077 | C45: FALSE | D45: FALSE | E45: TRUE | F45: TRUE | G45: TRUE | H45: FALSE | I45: FALSE | J45: TRUE | K45: TRUE | L45: TRUE | M45: FALSE | N45: FALSE | O45: TRUE | P45: TRUE | Q45: TRUE | R45: FALSE | S45: FALSE | T45: TRUE | U45: TRUE | V45: TRUE | W45: FALSE | X45: FALSE | Y45: TRUE | Z45: TRUE | AA45: TRUE | AB45: FALSE | AC45: FALSE | AD45: FALSE | AE45: FALSE | AF45: FALSE | AG45: FALSE | AH45: FALSE | AI45: FALSE | AJ45: FALSE | AK45: FALSE | AL45: Sion | AM45: Sierre | AN45: Martigny | AO45: plusieurs W-e a Cerebral ainsi qu'a L'ASA
A46: 45 | B46: 2146189108 | C46: FALSE | D46: FALSE | E46: FALSE | F46: FALSE | G46: FALSE | H46: FALSE | I46: FALSE | J46: FALSE | K46: FALSE | L46: FALSE | M46: FALSE | N46: FALSE | O46: FALSE | P46: FALSE | Q46: FALSE | R46: FALSE | S46: FALSE | T46: FALSE | U46: FALSE | V46: FALSE | W46: FALSE | X46: FALSE | Y46: FALSE | Z46: FALSE | AA46: FALSE | AB46: FALSE | AC46: FALSE | AD46: FALSE | AE46: FALSE | AF46: FALSE | AG46: FALSE | AH46: FALSE | AI46: FALSE | AJ46: FALSE | AK46: FALSE | AL46: Sion | AM46: Sierre | AO46: interventioon avec Elsa Fournier préférence avec :Emilie Monnet, Salima Sartoretti, Samuel Pittier
A47: 46 | B47: 2146189152 | C47: FALSE | D47: FALSE | E47: FALSE | F47: FALSE | G47: FALSE | H47: FALSE | I47: FALSE | J47: FALSE | K47: FALSE | L47: FALSE | M47: FALSE | N47: FALSE | O47: FALSE | P47: FALSE | Q47: FALSE | R47: FALSE | S47: FALSE | T47: FALSE | U47: FALSE | V47: FALSE | W47: FALSE | X47: FALSE | Y47: FALSE | Z47: FALSE | AA47: FALSE | AB47: FALSE | AC47: FALSE | AD47: FALSE | AE47: FALSE | AF47: FALSE | AG47: FALSE | AH47: FALSE | AI47: FALSE | AJ47: FALSE | AK47: FALSE | AL47: Sion
A48: 47 | B48: 1176728538 | C48: TRUE | D48: FALSE | E48: FALSE | F48: FALSE | G48: FALSE | H48: FALSE | I48: TRUE | J48: FALSE | K48: FALSE | L48: FALSE | M48: FALSE | N48: FALSE | O48: FALSE | P48: FALSE | Q48: FALSE | R48: FALSE | S48: FALSE | T48: FALSE | U48: FALSE | V48: FALSE | W48: FALSE | X48: FALSE | Y48: FALSE | Z48: FALSE | AA48: FALSE | AB48: FALSE | AC48: FALSE | AD48: FALSE | AE48: FALSE | AF48: FALSE | AG48: FALSE | AH48: FALSE | AI48: FALSE | AJ48: FALSE | AK48: FALSE | AL48: Sion | AM48: Sierre | AO48: Présidente de Cerebral
A49: 48 | B49: 2146189235 | C49: FALSE | D49: FALSE | E49: FALSE | F49: FALSE | G49: FALSE | H49: FALSE | I49: FALSE | J49: FALSE | K49: FALSE | L49: FALSE | M49: FALSE | N49: FALSE | O49: FALSE | P49: FALSE | Q49: FALSE | R49: FALSE | S49: FALSE | T49: FALSE | U49: FALSE | V49: FALSE | W49: FALSE | X49: FALSE | Y49: FALSE | Z49: FALSE | AA49: FALSE | AB49: FALSE | AC49: FALSE | AD49: FALSE | AE49: FALSE | AF49: FALSE | AG49: FALSE | AH49: FALSE | AI49: FALSE | AJ49: FALSE | AK49: FALSE | AL49: Martigny | AM49: Martigny | AN49: Martigny
A50: 49 | B50: 2146189314 | C50: FALSE | D50: FALSE | E50: FALSE | F50: FALSE | G50: FALSE | H50: FALSE | I50: FALSE | J50: FALSE | K50: FALSE | L50: FALSE | M50: FALSE | N50: FALSE | O50: FALSE | P50: FALSE | Q50: FALSE | R50: FALSE | S50: FALSE | T50: FALSE | U50: FALSE | V50: FALSE | W50: FALSE | X50: FALSE | Y50: FALSE | Z50: FALSE | AA50: FALSE | AB50: FALSE | AC50: FALSE | AD50: FALSE | AE50: FALSE | AF50: FALSE | AG50: FALSE | AH50: FALSE | AI50: FALSE | AJ50: FALSE | AK50: FALSE | AL50: Sierre | AM50: Sion
A51: 50 | B51: 2146189482 | C51: TRUE | D51: TRUE | E51: TRUE | F51: FALSE | G51: FALSE | H51: TRUE | I51: TRUE | J51: FALSE | K51: FALSE | L51: FALSE | M51: TRUE | N51: TRUE | O51: FALSE | P51: FALSE | Q51: FALSE | R51: TRUE | S51: TRUE | T51: FALSE | U51: FALSE | V51: FALSE | W51: TRUE | X51: TRUE | Y51: FALSE | Z51: FALSE | AA51: FALSE | AB51: FALSE | AC51: FALSE | AD51: FALSE | AE51: FALSE | AF51: FALSE | AG51: FALSE | AH51: FALSE | AI51: FALSE | AJ51: FALSE | AK51: FALSE | AL51: Sion | AM51: Martigny | AO51: Ardon aussi ok
A52: 51 | B52: 2146189183 | C52: FALSE | D52: FALSE | E52: FALSE | F52: FALSE | G52: FALSE | H52: FALSE | I52: FALSE | J52: FALSE | K52: FALSE | L52: FALSE | M52: FALSE | N52: FALSE | O52: FALSE | P52: FALSE | Q52: FALSE | R52: FALSE | S52: FALSE | T52: FALSE | U52: FALSE | V52: FALSE | W52: FALSE | X52: FALSE | Y52: FALSE | Z52: FALSE | AA52: FALSE | AB52: FALSE | AC52: FALSE | AD52: FALSE | AE52: FALSE | AF52: FALSE | AG52: FALSE | AH52: FALSE | AI52: FALSE | AJ52: FALSE | AK52: FALSE
A53: 52 | B53: 2146189434 | C53: FALSE | D53: FALSE | E53: FALSE | F53: FALSE | G53: FALSE | H53: FALSE | I53: FALSE | J53: FALSE | K53: FALSE | L53: FALSE | M53: FALSE | N53: FALSE | O53: FALSE | P53: FALSE | Q53: FALSE | R53: FALSE | S53: FALSE | T53: FALSE | U53: FALSE | V53: FALSE | W53: FALSE | X53: FALSE | Y53: FALSE | Z53: FALSE | AA53: FALSE | AB53: FALSE | AC53: FALSE | AD53: FALSE | AE53: FALSE | AF53: FALSE | AG53: FALSE | AH53: FALSE | AI53: FALSE | AJ53: FALSE | AK53: FALSE | AL53: Sion | AM53: Ardon | AN53: Martigny
A54: 53 | B54: 2146189417 | C54: TRUE | D54: TRUE | E54: TRUE | F54: TRUE | G54: TRUE | H54: TRUE | I54: TRUE | J54: TRUE | K54: TRUE | L54: TRUE | M54: TRUE | N54: TRUE | O54: TRUE | P54: TRUE | Q54: TRUE | R54: TRUE | S54: TRUE | T54: TRUE | U54: TRUE | V54: TRUE | W54: TRUE | X54: TRUE | Y54: TRUE | Z54: TRUE | AA54: TRUE | AB54: TRUE | AC54: TRUE | AD54: TRUE | AE54: TRUE | AF54: TRUE | AG54: TRUE | AH54: TRUE | AI54: TRUE | AJ54: TRUE | AK54: TRUE | AL54: Sierre | AM54: Sion | AN54: Martigny
A55: 54 | B55: 2146189353 | C55: FALSE | D55: FALSE | E55: FALSE | F55: FALSE | G55: FALSE | H55: FALSE | I55: FALSE | J55: FALSE | K55: FALSE | L55: FALSE | M55: FALSE | N55: FALSE | O55: FALSE | P55: FALSE | Q55: FALSE | R55: FALSE | S55: FALSE | T55: FALSE | U55: FALSE | V55: FALSE | W55: FALSE | X55: FALSE | Y55: FALSE | Z55: FALSE | AA55: FALSE | AB55: FALSE | AC55: FALSE | AD55: FALSE | AE55: FALSE | AF55: FALSE | AG55: FALSE | AH55: FALSE | AI55: FALSE | AJ55: FALSE | AK55: FALSE | AL55: Martigny | AM55: Charrat | AN55: Saxon
A56: 55 | B56: 2146189290 | C56: FALSE | D56: FALSE | E56: FALSE | F56: FALSE | G56: FALSE | H56: FALSE | I56: FALSE | J56: FALSE | K56: FALSE | L56: FALSE | M56: FALSE | N56: FALSE | O56: FALSE | P56: FALSE | Q56: FALSE | R56: FALSE | S56: FALSE | T56: FALSE | U56: FALSE | V56: FALSE | W56: FALSE | X56: FALSE | Y56: FALSE | Z56: FALSE | AA56: FALSE | AB56: FALSE | AC56: FALSE | AD56: FALSE | AE56: FALSE | AF56: FALSE | AG56: FALSE | AH56: FALSE | AI56: FALSE | AJ56: FALSE | AK56: FALSE | AL56: Sion | AM56: Sierre
A57: 56 | B57: 2146189416 | C57: FALSE | D57: FALSE | E57: FALSE | F57: FALSE | G57: FALSE | H57: FALSE | I57: FALSE | J57: FALSE | K57: FALSE | L57: FALSE | M57: FALSE | N57: FALSE | O57: FALSE | P57: FALSE | Q57: FALSE | R57: FALSE | S57: FALSE | T57: FALSE | U57: FALSE | V57: FALSE | W57: FALSE | X57: FALSE | Y57: FALSE | Z57: FALSE | AA57: FALSE | AB57: FALSE | AC57: FALSE | AD57: FALSE | AE57: FALSE | AF57: FALSE | AG57: FALSE | AH57: FALSE | AI57: FALSE | AJ57: FALSE | AK57: FALSE | AL57: Sierre | AM57: Sion | AO57: plusieurs w-e et camps à Cerebral. Intervenent cez la famille Pittier.
A58: 57 | B58: 2146189414 | C58: FALSE | D58: FALSE | E58: FALSE | F58: FALSE | G58: FALSE | H58: FALSE | I58: FALSE | J58: FALSE | K58: FALSE | L58: TRUE | M58: FALSE | N58: FALSE | O58: FALSE | P58: FALSE | Q58: TRUE | R58: FALSE | S58: FALSE | T58: FALSE | U58: FALSE | V58: FALSE | W58: FALSE | X58: FALSE | Y58: FALSE | Z58: FALSE | AA58: FALSE | AB58: FALSE | AC58: FALSE | AD58: FALSE | AE58: FALSE | AF58: FALSE | AG58: FALSE | AH58: FALSE | AI58: FALSE | AJ58: FALSE | AK58: FALSE | AL58: Sion | AM58: Conthey | AO58: Sur Savièse aussi ok
A59: 58 | B59: 2146189415 | C59: FALSE | D59: FALSE | E59: FALSE | F59: FALSE | G59: FALSE | H59: FALSE | I59: FALSE | J59: FALSE | K59: FALSE | L59: FALSE | M59: FALSE | N59: FALSE | O59: FALSE | P59: FALSE | Q59: FALSE | R59: FALSE | S59: FALSE | T59: FALSE | U59: FALSE | V59: FALSE | W59: FALSE | X59: FALSE | Y59: FALSE | Z59: FALSE | AA59: FALSE | AB59: FALSE | AC59: FALSE | AD59: FALSE | AE59: FALSE | AF59: FALSE | AG59: FALSE | AH59: FALSE | AI59: FALSE | AJ59: FALSE | AK59: FALSE | AL59: Monthey | AM59: Martigny | AO59: Vionnaz aussi ok
A60: 59 | B60: 2146189409 | C60: FALSE | D60: FALSE | E60: FALSE | F60: FALSE | G60: FALSE | H60: FALSE | I60: FALSE | J60: FALSE | K60: FALSE | L60: FALSE | M60: FALSE | N60: FALSE | O60: FALSE | P60: FALSE | Q60: FALSE | R60: FALSE | S60: FALSE | T60: FALSE | U60: FALSE | V60: FALSE | W60: FALSE | X60: FALSE | Y60: FALSE | Z60: FALSE | AA60: FALSE | AB60: FALSE | AC60: FALSE | AD60: FALSE | AE60: FALSE | AF60: FALSE | AG60: FALSE | AH60: FALSE | AI60: FALSE | AJ60: FALSE | AK60: FALSE | AL60: Martigny | AM60: Sion | AN60: Saint-Maurice
A61: 60 | B61: 437 | C61: FALSE | D61: FALSE | E61: FALSE | F61: FALSE | G61: FALSE | H61: FALSE | I61: FALSE | J61: FALSE | K61: FALSE | L61: FALSE | M61: FALSE | N61: FALSE | O61: FALSE | P61: FALSE | Q61: FALSE | R61: FALSE | S61: FALSE | T61: FALSE | U61: FALSE | V61: FALSE | W61: FALSE | X61: FALSE | Y61: FALSE | Z61: FALSE | AA61: FALSE | AB61: FALSE | AC61: FALSE | AD61: FALSE | AE61: FALSE | AF61: FALSE | AG61: FALSE | AH61: FALSE | AI61: FALSE | AJ61: FALSE | AK61: FALSE
A62: 61 | B62: 2146189436 | C62: FALSE | D62: FALSE | E62: TRUE | F62: TRUE | G62: TRUE | H62: FALSE | I62: FALSE | J62: FALSE | K62: TRUE | L62: TRUE | M62: TRUE | N62: TRUE | O62: TRUE | P62: TRUE | Q62: TRUE | R62: FALSE | S62: FALSE | T62: TRUE | U62: TRUE | V62: TRUE | W62: TRUE | X62: TRUE | Y62: TRUE | Z62: TRUE | AA62: TRUE | AB62: FALSE | AC62: FALSE | AD62: TRUE | AE62: TRUE | AF62: TRUE | AG62: FALSE | AH62: FALSE | AI62: TRUE | AJ62: TRUE | AK62: TRUE | AL62: Sion | AM62: Sierre | AN62: Conthey | AO62: elle a fait 2 w-e à Cerebral intervient surtout pour le service de releve chez la famille , Jaquier, Tecklay.
A63: 62 | B63: 2146189490 | C63: FALSE | D63: FALSE | E63: FALSE | F63: FALSE | G63: FALSE | H63: FALSE | I63: FALSE | J63: FALSE | K63: FALSE | L63: FALSE | M63: FALSE | N63: FALSE | O63: FALSE | P63: FALSE | Q63: FALSE | R63: FALSE | S63: FALSE | T63: FALSE | U63: FALSE | V63: FALSE | W63: FALSE | X63: FALSE | Y63: FALSE | Z63: FALSE | AA63: FALSE | AB63: FALSE | AC63: FALSE | AD63: FALSE | AE63: FALSE | AF63: FALSE | AG63: FALSE | AH63: FALSE | AI63: FALSE | AJ63: FALSE | AK63: FALSE | AL63: Sierre | AM63: Sion | AN63: Conthey | AO63: Mélissa et est disponible selon son programme école. Elle donnera ses horraires en septembre. D'ici là elle peut intervenir regulièrement en journée et soirée | AP63: taux travail souhaité ? Actuellement
A64: 63 | B64: 2146189325 | C64: FALSE | D64: FALSE | E64: FALSE | F64: FALSE | G64: FALSE | H64: FALSE | I64: FALSE | J64: FALSE | K64: FALSE | L64: FALSE | M64: FALSE | N64: FALSE | O64: FALSE | P64: FALSE | Q64: FALSE | R64: FALSE | S64: FALSE | T64: FALSE | U64: FALSE | V64: FALSE | W64: FALSE | X64: FALSE | Y64: FALSE | Z64: FALSE | AA64: FALSE | AB64: FALSE | AC64: FALSE | AD64: FALSE | AE64: FALSE | AF64: FALSE | AG64: FALSE | AH64: FALSE | AI64: FALSE | AJ64: FALSE | AK64: FALSE | AL64: Sierre | AM64: Sion | AN64: Conthey | AO64: plusieurs w-e à Cerebral. Ne travail pas pour l'instant. Donc libre à tout moments pour le service de relève
A65: 64 | B65: 2146189714 | C65: TRUE | D65: TRUE | E65: TRUE | F65: TRUE | G65: TRUE | H65: TRUE | I65: TRUE | J65: TRUE | K65: TRUE | L65: TRUE | M65: TRUE | N65: TRUE | O65: TRUE | P65: TRUE | Q65: TRUE | R65: TRUE | S65: TRUE | T65: TRUE | U65: TRUE | V65: TRUE | W65: TRUE | X65: TRUE | Y65: TRUE | Z65: TRUE | AA65: TRUE | AB65: TRUE | AC65: TRUE | AD65: TRUE | AE65: TRUE | AF65: TRUE | AG65: TRUE | AH65: TRUE | AI65: TRUE | AJ65: TRUE | AK65: TRUE | AL65: Sion | AM65: Martigny | AN65: Conthey | AO65: intervenante pour le service à domicile depuis 1 an. Ne travail pas donc disponible pourle service de relève. Au bénéfice d' un CFC ASE
A66: 65 | B66: 2146189402 | C66: TRUE | D66: TRUE | E66: TRUE | F66: TRUE | G66: TRUE | H66: TRUE | I66: TRUE | J66: TRUE | K66: TRUE | L66: TRUE | M66: TRUE | N66: TRUE | O66: TRUE | P66: TRUE | Q66: TRUE | R66: TRUE | S66: TRUE | T66: TRUE | U66: TRUE | V66: TRUE | W66: TRUE | X66: TRUE | Y66: TRUE | Z66: TRUE | AA66: TRUE | AB66: TRUE | AC66: TRUE | AD66: TRUE | AE66: TRUE | AF66: TRUE | AG66: TRUE | AH66: TRUE | AI66: TRUE | AJ66: TRUE | AK66: TRUE | AL66: Sierre | AM66: Sion | AO66: aussi Grône, Chalais, Réchy, Granges
A67: 66 | B67: 2146189281 | C67: TRUE | D67: TRUE | E67: TRUE | F67: TRUE | G67: TRUE | H67: TRUE | I67: TRUE | J67: TRUE | K67: TRUE | L67: TRUE | M67: TRUE | N67: TRUE | O67: TRUE | P67: TRUE | Q67: TRUE | R67: TRUE | S67: TRUE | T67: TRUE | U67: TRUE | V67: TRUE | W67: TRUE | X67: TRUE | Y67: TRUE | Z67: TRUE | AA67: TRUE | AB67: TRUE | AC67: TRUE | AD67: TRUE | AE67: TRUE | AF67: TRUE | AG67: TRUE | AH67: TRUE | AI67: TRUE | AJ67: TRUE | AK67: TRUE | AL67: Sion | AM67: Sierre | AN67: Conthey
A68: 67 | B68: 2146189072 | C68: TRUE | D68: FALSE | E68: FALSE | F68: FALSE | G68: FALSE | H68: TRUE | I68: TRUE | J68: TRUE | K68: TRUE | L68: TRUE | M68: FALSE | N68: FALSE | O68: FALSE | P68: FALSE | Q68: FALSE | R68: FALSE | S68: FALSE | T68: FALSE | U68: FALSE | V68: FALSE | W68: FALSE | X68: FALSE | Y68: FALSE | Z68: FALSE | AA68: FALSE | AB68: FALSE | AC68: FALSE | AD68: FALSE | AE68: FALSE | AF68: FALSE | AG68: FALSE | AH68: FALSE | AI68: FALSE | AJ68: FALSE | AK68: FALSE | AL68: Martigny | AM68: Monthey | AN68: Saint-Maurice | AO68: stagiaire Cerebral disponible sur appel
A69: 68 | B69: 2146189170 | C69: FALSE | D69: FALSE | E69: FALSE | F69: FALSE | G69: FALSE | H69: FALSE | I69: FALSE | J69: FALSE | K69: FALSE | L69: FALSE | M69: FALSE | N69: FALSE | O69: FALSE | P69: FALSE | Q69: FALSE | R69: FALSE | S69: FALSE | T69: FALSE | U69: FALSE | V69: FALSE | W69: FALSE | X69: FALSE | Y69: FALSE | Z69: FALSE | AA69: FALSE | AB69: FALSE | AC69: FALSE | AD69: FALSE | AE69: FALSE | AF69: FALSE | AG69: FALSE | AH69: FALSE | AI69: FALSE | AJ69: FALSE | AK69: FALSE | AL69: Martigny | AM69: Monthey
A70: 69 | B70: 1175668750 | C70: FALSE | D70: FALSE | E70: FALSE | F70: FALSE | G70: FALSE | H70: FALSE | I70: FALSE | J70: FALSE | K70: FALSE | L70: FALSE | M70: FALSE | N70: FALSE | O70: FALSE | P70: FALSE | Q70: FALSE | R70: FALSE | S70: FALSE | T70: FALSE | U70: FALSE | V70: FALSE | W70: FALSE | X70: FALSE | Y70: FALSE | Z70: FALSE | AA70: FALSE | AB70: FALSE | AC70: FALSE | AD70: FALSE | AE70: FALSE | AF70: FALSE | AG70: FALSE | AH70: FALSE | AI70: FALSE | AJ70: FALSE | AK70: FALSE
A71: 70 | B71: 2146189505 | C71: FALSE | D71: FALSE | E71: FALSE | F71: FALSE | G71: FALSE | H71: FALSE | I71: FALSE | J71: FALSE | K71: FALSE | L71: FALSE | M71: FALSE | N71: FALSE | O71: FALSE | P71: FALSE | Q71: FALSE | R71: FALSE | S71: FALSE | T71: FALSE | U71: FALSE | V71: FALSE | W71: FALSE | X71: FALSE | Y71: FALSE | Z71: FALSE | AA71: FALSE | AB71: FALSE | AC71: FALSE | AD71: FALSE | AE71: FALSE | AF71: FALSE | AG71: FALSE | AH71: FALSE | AI71: FALSE | AJ71: FALSE | AK71: FALSE | AL71: Sion | AM71: Martigny | AN71: Sierre
A72: 71 | B72: 2146189495 | C72: FALSE | D72: FALSE | E72: FALSE | F72: FALSE | G72: FALSE | H72: TRUE | I72: TRUE | J72: TRUE | K72: TRUE | L72: TRUE | M72: FALSE | N72: FALSE | O72: FALSE | P72: FALSE | Q72: FALSE | R72: FALSE | S72: FALSE | T72: FALSE | U72: FALSE | V72: FALSE | W72: FALSE | X72: FALSE | Y72: FALSE | Z72: FALSE | AA72: FALSE | AB72: FALSE | AC72: FALSE | AD72: FALSE | AE72: FALSE | AF72: FALSE | AG72: FALSE | AH72: FALSE | AI72: FALSE | AJ72: FALSE | AK72: FALSE | AL72: Sierre | AM72: Sion
A73: 72 | B73: 2146189304 | C73: TRUE | D73: TRUE | E73: TRUE | F73: TRUE | G73: TRUE | H73: FALSE | I73: FALSE | J73: FALSE | K73: FALSE | L73: FALSE | M73: FALSE | N73: FALSE | O73: FALSE | P73: FALSE | Q73: FALSE | R73: FALSE | S73: FALSE | T73: TRUE | U73: TRUE | V73: TRUE | W73: TRUE | X73: TRUE | Y73: TRUE | Z73: TRUE | AA73: TRUE | AB73: TRUE | AC73: TRUE | AD73: TRUE | AE73: TRUE | AF73: TRUE | AG73: TRUE | AH73: TRUE | AI73: TRUE | AJ73: TRUE | AK73: TRUE | AL73: Saint-Maurice | AM73: Martigny | AN73: Monthey | AO73: w-e à Cerebral
A74: 73 | B74: 2146189105 | C74: FALSE | D74: FALSE | E74: FALSE | F74: FALSE | G74: FALSE | H74: FALSE | I74: FALSE | J74: FALSE | K74: FALSE | L74: FALSE | M74: FALSE | N74: FALSE | O74: FALSE | P74: FALSE | Q74: FALSE | R74: FALSE | S74: FALSE | T74: FALSE | U74: FALSE | V74: FALSE | W74: FALSE | X74: FALSE | Y74: FALSE | Z74: FALSE | AA74: FALSE | AB74: FALSE | AC74: FALSE | AD74: FALSE | AE74: FALSE | AF74: FALSE | AG74: FALSE | AH74: FALSE | AI74: FALSE | AJ74: FALSE | AK74: FALSE | AL74: Martigny | AM74: Monthey | AN74: Sion | AO74: Stagiaire à Cerebral 2013
A75: 74 | B75: 2146189399 | C75: FALSE | D75: FALSE | E75: FALSE | F75: FALSE | G75: FALSE | H75: FALSE | I75: FALSE | J75: FALSE | K75: FALSE | L75: FALSE | M75: FALSE | N75: FALSE | O75: FALSE | P75: FALSE | Q75: FALSE | R75: FALSE | S75: FALSE | T75: FALSE | U75: FALSE | V75: FALSE | W75: FALSE | X75: FALSE | Y75: FALSE | Z75: FALSE | AA75: FALSE | AB75: FALSE | AC75: FALSE | AD75: FALSE | AE75: FALSE | AF75: FALSE | AG75: FALSE | AH75: FALSE | AI75: FALSE | AJ75: FALSE | AK75: FALSE | AL75: Sion | AM75: Conthey | AO75: w-e à Cerebral
A76: 75 | B76: 2146189520 | C76: FALSE | D76: FALSE | E76: FALSE | F76: FALSE | G76: FALSE | H76: FALSE | I76: FALSE | J76: FALSE | K76: FALSE | L76: FALSE | M76: FALSE | N76: FALSE | O76: FALSE | P76: FALSE | Q76: FALSE | R76: FALSE | S76: FALSE | T76: FALSE | U76: FALSE | V76: FALSE | W76: FALSE | X76: FALSE | Y76: FALSE | Z76: FALSE | AA76: FALSE | AB76: FALSE | AC76: FALSE | AD76: FALSE | AE76: FALSE | AF76: FALSE | AG76: FALSE | AH76: FALSE | AI76: FALSE | AJ76: FALSE | AK76: FALSE | AL76: Sion
A77: 76 | B77: 2146189506 | C77: FALSE | D77: FALSE | E77: FALSE | F77: FALSE | G77: FALSE | H77: FALSE | I77: FALSE | J77: FALSE | K77: FALSE | L77: FALSE | M77: FALSE | N77: FALSE | O77: FALSE | P77: FALSE | Q77: FALSE | R77: FALSE | S77: FALSE | T77: FALSE | U77: FALSE | V77: FALSE | W77: FALSE | X77: FALSE | Y77: FALSE | Z77: FALSE | AA77: FALSE | AB77: FALSE | AC77: FALSE | AD77: FALSE | AE77: FALSE | AF77: FALSE | AG77: FALSE | AH77: FALSE | AI77: FALSE | AJ77: FALSE | AK77: FALSE
A78: 77 | B78: 2146189431 | C78: FALSE | D78: FALSE | E78: FALSE | F78: FALSE | G78: FALSE | H78: FALSE | I78: FALSE | J78: FALSE | K78: FALSE | L78: FALSE | M78: FALSE | N78: FALSE | O78: FALSE | P78: FALSE | Q78: FALSE | R78: FALSE | S78: FALSE | T78: FALSE | U78: FALSE | V78: FALSE | W78: FALSE | X78: FALSE | Y78: FALSE | Z78: FALSE | AA78: FALSE | AB78: FALSE | AC78: FALSE | AD78: FALSE | AE78: FALSE | AF78: FALSE | AG78: FALSE | AH78: FALSE | AI78: FALSE | AJ78: FALSE | AK78: FALSE
A79: 78 | B79: 2146189284 | C79: FALSE | D79: FALSE | E79: FALSE | F79: TRUE | G79: FALSE | H79: FALSE | I79: FALSE | J79: FALSE | K79: FALSE | L79: FALSE | M79: FALSE | N79: FALSE | O79: FALSE | P79: FALSE | Q79: FALSE | R79: FALSE | S79: FALSE | T79: FALSE | U79: TRUE | V79: FALSE | W79: FALSE | X79: FALSE | Y79: FALSE | Z79: TRUE | AA79: FALSE | AB79: TRUE | AC79: FALSE | AD79: FALSE | AE79: FALSE | AF79: FALSE | AG79: TRUE | AH79: TRUE | AI79: TRUE | AJ79: TRUE | AK79: TRUE | AL79: Sion | AM79: Sierre | AN79: Martigny
A80: 79 | B80: 2146189526 | C80: TRUE | D80: TRUE | E80: TRUE | F80: TRUE | G80: TRUE | H80: FALSE | I80: FALSE | J80: FALSE | K80: FALSE | L80: FALSE | M80: FALSE | N80: FALSE | O80: FALSE | P80: FALSE | Q80: FALSE | R80: TRUE | S80: TRUE | T80: TRUE | U80: TRUE | V80: TRUE | W80: FALSE | X80: FALSE | Y80: FALSE | Z80: FALSE | AA80: FALSE | AB80: FALSE | AC80: FALSE | AD80: FALSE | AE80: FALSE | AF80: FALSE | AG80: TRUE | AH80: TRUE | AI80: TRUE | AJ80: TRUE | AK80: TRUE | AL80: Sion | AM80: Martigny | AN80: Sierre
A81: 80 | B81: 2146189265 | C81: FALSE | D81: FALSE | E81: FALSE | F81: FALSE | G81: FALSE | H81: FALSE | I81: FALSE | J81: FALSE | K81: FALSE | L81: FALSE | M81: FALSE | N81: FALSE | O81: FALSE | P81: FALSE | Q81: FALSE | R81: FALSE | S81: FALSE | T81: FALSE | U81: FALSE | V81: FALSE | W81: FALSE | X81: FALSE | Y81: FALSE | Z81: FALSE | AA81: FALSE | AB81: FALSE | AC81: FALSE | AD81: FALSE | AE81: FALSE | AF81: FALSE | AG81: FALSE | AH81: FALSE | AI81: FALSE | AJ81: FALSE | AK81: FALSE | AL81: bagnes | AM81: Martigny
A82: 81 | B82: 2146189527 | C82: TRUE | D82: TRUE | E82: TRUE | F82: TRUE | G82: TRUE | H82: TRUE | I82: TRUE | J82: TRUE | K82: TRUE | L82: TRUE | M82: TRUE | N82: TRUE | O82: TRUE | P82: TRUE | Q82: TRUE | R82: TRUE | S82: TRUE | T82: TRUE | U82: TRUE | V82: TRUE | W82: TRUE | X82: TRUE | Y82: TRUE | Z82: TRUE | AA82: TRUE | AB82: TRUE | AC82: TRUE | AD82: TRUE | AE82: TRUE | AF82: TRUE | AG82: TRUE | AH82: TRUE | AI82: TRUE | AJ82: TRUE | AK82: TRUE | AL82: Martigny | AM82: Sion
A83: 82 | B83: 2146189540 | C83: FALSE | D83: FALSE | E83: FALSE | F83: FALSE | G83: FALSE | H83: FALSE | I83: FALSE | J83: FALSE | K83: FALSE | L83: FALSE | M83: FALSE | N83: FALSE | O83: FALSE | P83: FALSE | Q83: FALSE | R83: FALSE | S83: FALSE | T83: FALSE | U83: FALSE | V83: FALSE | W83: FALSE | X83: FALSE | Y83: FALSE | Z83: FALSE | AA83: FALSE | AB83: FALSE | AC83: FALSE | AD83: FALSE | AE83: FALSE | AF83: FALSE | AG83: FALSE | AH83: FALSE | AI83: FALSE | AJ83: FALSE | AK83: FALSE | AL83: Martigny | AM83: Sion | AO83: jusqu'à fin janvier 2015, pas de disponibilités fixes
A84: 83 | B84: 2146189546 | C84: FALSE | D84: FALSE | E84: FALSE | F84: TRUE | G84: TRUE | H84: FALSE | I84: FALSE | J84: FALSE | K84: TRUE | L84: TRUE | M84: FALSE | N84: FALSE | O84: FALSE | P84: TRUE | Q84: TRUE | R84: FALSE | S84: FALSE | T84: FALSE | U84: TRUE | V84: TRUE | W84: FALSE | X84: FALSE | Y84: FALSE | Z84: TRUE | AA84: TRUE | AB84: FALSE | AC84: FALSE | AD84: FALSE | AE84: TRUE | AF84: TRUE | AG84: FALSE | AH84: FALSE | AI84: FALSE | AJ84: TRUE | AK84: TRUE | AL84: Sion | AM84: Martigny
A85: 84 | B85: 2146189561 | C85: FALSE | D85: FALSE | E85: FALSE | F85: TRUE | G85: TRUE | H85: FALSE | I85: FALSE | J85: FALSE | K85: TRUE | L85: TRUE | M85: FALSE | N85: FALSE | O85: FALSE | P85: TRUE | Q85: TRUE | R85: TRUE | S85: TRUE | T85: TRUE | U85: TRUE | V85: TRUE | W85: TRUE | X85: TRUE | Y85: TRUE | Z85: TRUE | AA85: TRUE | AB85: TRUE | AC85: TRUE | AD85: TRUE | AE85: TRUE | AF85: TRUE | AG85: TRUE | AH85: TRUE | AI85: TRUE | AJ85: TRUE | AK85: TRUE | AL85: Martigny | AM85: Sion | AN85: Sierre
A86: 85 | B86: 2146189566 | C86: TRUE | D86: FALSE | E86: FALSE | F86: FALSE | G86: FALSE | H86: TRUE | I86: FALSE | J86: FALSE | K86: FALSE | L86: FALSE | M86: TRUE | N86: FALSE | O86: FALSE | P86: FALSE | Q86: FALSE | R86: TRUE | S86: FALSE | T86: FALSE | U86: FALSE | V86: FALSE | W86: TRUE | X86: TRUE | Y86: TRUE | Z86: TRUE | AA86: TRUE | AB86: FALSE | AC86: FALSE | AD86: TRUE | AE86: FALSE | AF86: FALSE | AG86: FALSE | AH86: FALSE | AI86: TRUE | AJ86: FALSE | AK86: FALSE | AL86: Sion
A87: 86 | B87: 2146189406 | C87: FALSE | D87: FALSE | E87: FALSE | F87: FALSE | G87: FALSE | H87: FALSE | I87: FALSE | J87: FALSE | K87: FALSE | L87: FALSE | M87: FALSE | N87: FALSE | O87: FALSE | P87: FALSE | Q87: FALSE | R87: FALSE | S87: FALSE | T87: FALSE | U87: FALSE | V87: FALSE | W87: FALSE | X87: FALSE | Y87: FALSE | Z87: FALSE | AA87: FALSE | AB87: FALSE | AC87: FALSE | AD87: FALSE | AE87: FALSE | AF87: FALSE | AG87: FALSE | AH87: FALSE | AI87: FALSE | AJ87: FALSE | AK87: FALSE | AL87: Sierre | AM87: Sion
A88: 87 | B88: 2146189479 | C88: FALSE | D88: FALSE | E88: FALSE | F88: FALSE | G88: FALSE | H88: FALSE | I88: FALSE | J88: FALSE | K88: FALSE | L88: FALSE | M88: FALSE | N88: FALSE | O88: FALSE | P88: FALSE | Q88: FALSE | R88: FALSE | S88: FALSE | T88: FALSE | U88: FALSE | V88: FALSE | W88: FALSE | X88: FALSE | Y88: FALSE | Z88: FALSE | AA88: FALSE | AB88: FALSE | AC88: FALSE | AD88: FALSE | AE88: FALSE | AF88: FALSE | AG88: FALSE | AH88: FALSE | AI88: FALSE | AJ88: FALSE | AK88: FALSE | AL88: Sierre
A89: 88 | B89: 2146189602 | C89: FALSE | D89: FALSE | E89: FALSE | F89: FALSE | G89: FALSE | H89: FALSE | I89: FALSE | J89: FALSE | K89: FALSE | L89: FALSE | M89: FALSE | N89: FALSE | O89: FALSE | P89: FALSE | Q89: FALSE | R89: FALSE | S89: FALSE | T89: FALSE | U89: FALSE | V89: FALSE | W89: FALSE | X89: FALSE | Y89: FALSE | Z89: FALSE | AA89: FALSE | AB89: FALSE | AC89: FALSE | AD89: FALSE | AE89: FALSE | AF89: FALSE | AG89: FALSE | AH89: FALSE | AI89: FALSE | AJ89: FALSE | AK89: FALSE | AL89: Sion | AM89: Sierre | AN89: Martigny
A90: 89 | B90: 2146189636 | C90: TRUE | D90: TRUE | E90: TRUE | F90: TRUE | G90: TRUE | H90: TRUE | I90: TRUE | J90: TRUE | K90: TRUE | L90: TRUE | M90: TRUE | N90: TRUE | O90: TRUE | P90: TRUE | Q90: TRUE | R90: FALSE | S90: FALSE | T90: FALSE | U90: FALSE | V90: FALSE | W90: TRUE | X90: TRUE | Y90: TRUE | Z90: TRUE | AA90: TRUE | AB90: TRUE | AC90: TRUE | AD90: TRUE | AE90: TRUE | AF90: TRUE | AG90: TRUE | AH90: TRUE | AI90: TRUE | AJ90: TRUE | AK90: TRUE | AL90: Sion | AM90: Sierre | AN90: Martigny | AO90: expérience avec les enfants autistes notamment. Fomation croix-rouge
A91: 90 | B91: 2146189654 | C91: TRUE | D91: TRUE | E91: TRUE | F91: TRUE | G91: TRUE | H91: TRUE | I91: TRUE | J91: TRUE | K91: TRUE | L91: TRUE | M91: TRUE | N91: TRUE | O91: TRUE | P91: TRUE | Q91: TRUE | R91: TRUE | S91: TRUE | T91: TRUE | U91: TRUE | V91: TRUE | W91: TRUE | X91: TRUE | Y91: TRUE | Z91: TRUE | AA91: TRUE | AB91: TRUE | AC91: TRUE | AD91: TRUE | AE91: TRUE | AF91: TRUE | AG91: TRUE | AH91: TRUE | AI91: TRUE | AJ91: TRUE | AK91: TRUE | AL91: Entremont | AM91: Martigny | AN91: Sion
A92: 91 | B92: 2146189091 | C92: TRUE | D92: TRUE | E92: TRUE | F92: TRUE | G92: TRUE | H92: TRUE | I92: TRUE | J92: TRUE | K92: TRUE | L92: TRUE | M92: TRUE | N92: TRUE | O92: TRUE | P92: TRUE | Q92: TRUE | R92: TRUE | S92: TRUE | T92: TRUE | U92: TRUE | V92: TRUE | W92: TRUE | X92: TRUE | Y92: TRUE | Z92: TRUE | AA92: TRUE | AB92: TRUE | AC92: TRUE | AD92: TRUE | AE92: TRUE | AF92: TRUE | AG92: TRUE | AH92: TRUE | AI92: TRUE | AJ92: TRUE | AK92: TRUE | AL92: Martigny | AM92: Sion | AO92: habite à Riddes
A93: 92 | B93: -1443746481 | C93: FALSE | D93: FALSE | E93: FALSE | F93: FALSE | G93: FALSE | H93: FALSE | I93: FALSE | J93: FALSE | K93: FALSE | L93: FALSE | M93: FALSE | N93: FALSE | O93: FALSE | P93: FALSE | Q93: FALSE | R93: FALSE | S93: FALSE | T93: FALSE | U93: FALSE | V93: FALSE | W93: FALSE | X93: FALSE | Y93: FALSE | Z93: FALSE | AA93: FALSE | AB93: TRUE | AC93: TRUE | AD93: TRUE | AE93: TRUE | AF93: TRUE | AG93: TRUE | AH93: TRUE | AI93: TRUE | AJ93: TRUE | AK93: TRUE | AL93: Sierre | AM93: Sion | AN93: Monthey | AO93: Plusieurs week-end et camp avec l'Association. Satge à la Fovahm. CFF d'ASE, dernière année HES ASC | AP93: Disponible pour tout type de relève (soin, accompagnement, etc.)
A94: 93 | B94: 2146189181 | C94: TRUE | D94: TRUE | E94: TRUE | F94: TRUE | G94: TRUE | H94: TRUE | I94: TRUE | J94: TRUE | K94: TRUE | L94: TRUE | M94: TRUE | N94: TRUE | O94: TRUE | P94: TRUE | Q94: TRUE | R94: TRUE | S94: TRUE | T94: TRUE | U94: TRUE | V94: TRUE | W94: TRUE | X94: TRUE | Y94: TRUE | Z94: TRUE | AA94: TRUE | AB94: TRUE | AC94: TRUE | AD94: TRUE | AE94: TRUE | AF94: TRUE | AG94: TRUE | AH94: TRUE | AI94: TRUE | AJ94: TRUE | AK94: TRUE | AL94: Saint-Maurice | AM94: Martigny | AN94: Sion
A95: 94 | B95: -509124961 | C95: TRUE | D95: TRUE | E95: TRUE | F95: TRUE | G95: TRUE | H95: TRUE | I95: TRUE | J95: TRUE | K95: TRUE | L95: TRUE | M95: TRUE | N95: TRUE | O95: TRUE | P95: TRUE | Q95: TRUE | R95: TRUE | S95: TRUE | T95: TRUE | U95: TRUE | V95: TRUE | W95: TRUE | X95: TRUE | Y95: TRUE | Z95: TRUE | AA95: TRUE | AB95: TRUE | AC95: TRUE | AD95: TRUE | AE95: TRUE | AF95: TRUE | AG95: TRUE | AH95: TRUE | AI95: TRUE | AJ95: TRUE | AK95: TRUE | AL95: Conthey | AM95: Sion | AN95: Sierre
A96: 95 | B96: 2146189674 | C96: TRUE | D96: TRUE | E96: TRUE | F96: TRUE | G96: TRUE | H96: TRUE | I96: TRUE | J96: TRUE | K96: TRUE | L96: TRUE | M96: TRUE | N96: TRUE | O96: TRUE | P96: TRUE | Q96: TRUE | R96: TRUE | S96: TRUE | T96: TRUE | U96: TRUE | V96: TRUE | W96: TRUE | X96: TRUE | Y96: TRUE | Z96: TRUE | AA96: TRUE | AB96: TRUE | AC96: TRUE | AD96: TRUE | AE96: TRUE | AF96: TRUE | AG96: TRUE | AH96: TRUE | AI96: TRUE | AJ96: TRUE | AK96: TRUE | AL96: Sierre | AM96: Sion
A97: 96 | B97: 2146189134 | C97: TRUE | D97: TRUE | E97: TRUE | F97: TRUE | G97: TRUE | H97: TRUE | I97: TRUE | J97: TRUE | K97: TRUE | L97: TRUE | M97: TRUE | N97: TRUE | O97: TRUE | P97: TRUE | Q97: TRUE | R97: TRUE | S97: TRUE | T97: TRUE | U97: TRUE | V97: TRUE | W97: TRUE | X97: TRUE | Y97: TRUE | Z97: TRUE | AA97: TRUE | AB97: TRUE | AC97: TRUE | AD97: TRUE | AE97: TRUE | AF97: TRUE | AG97: TRUE | AH97: TRUE | AI97: TRUE | AJ97: TRUE | AK97: TRUE | AL97: Conthey | AM97: Sierre | AN97: Sierre
A98: 97 | B98: 2146189606 | C98: TRUE | D98: TRUE | E98: TRUE | F98: TRUE | G98: TRUE | H98: TRUE | I98: TRUE | J98: TRUE | K98: TRUE | L98: TRUE | M98: TRUE | N98: TRUE | O98: TRUE | P98: TRUE | Q98: TRUE | R98: TRUE | S98: TRUE | T98: TRUE | U98: TRUE | V98: TRUE | W98: TRUE | X98: TRUE | Y98: TRUE | Z98: TRUE | AA98: TRUE | AB98: TRUE | AC98: TRUE | AD98: TRUE | AE98: TRUE | AF98: TRUE | AG98: TRUE | AH98: TRUE | AI98: TRUE | AJ98: TRUE | AK98: TRUE | AL98: Sierre | AM98: Sion
A99: 98 | B99: 2146189608 | C99: FALSE | D99: FALSE | E99: FALSE | F99: FALSE | G99: FALSE | H99: FALSE | I99: FALSE | J99: FALSE | K99: FALSE | L99: FALSE | M99: FALSE | N99: FALSE | O99: FALSE | P99: FALSE | Q99: FALSE | R99: FALSE | S99: FALSE | T99: FALSE | U99: FALSE | V99: FALSE | W99: FALSE | X99: FALSE | Y99: FALSE | Z99: FALSE | AA99: FALSE | AB99: FALSE | AC99: FALSE | AD99: FALSE | AE99: FALSE | AF99: FALSE | AG99: FALSE | AH99: FALSE | AI99: FALSE | AJ99: FALSE | AK99: FALSE
A100: 99 | B100: 2146189190 | C100: TRUE | D100: TRUE | E100: TRUE | F100: TRUE | G100: TRUE | H100: TRUE | I100: TRUE | J100: TRUE | K100: TRUE | L100: TRUE | M100: TRUE | N100: TRUE | O100: TRUE | P100: TRUE | Q100: TRUE | R100: TRUE | S100: TRUE | T100: TRUE | U100: TRUE | V100: TRUE | W100: TRUE | X100: TRUE | Y100: TRUE | Z100: TRUE | AA100: TRUE | AB100: TRUE | AC100: TRUE | AD100: TRUE | AE100: TRUE | AF100: TRUE | AG100: TRUE | AH100: TRUE | AI100: TRUE | AJ100: TRUE | AK100: TRUE | AL100: Sion | AM100: Conthey | AN100: Sierre
...

Sheet migration
A1: dispId | B1: tblContact_conId | C1: dispLMatin | D1: dispLSoir | E1: dispLSouper | F1: dispLaMidi | G1: dispLMidi | H1: dispMmatin | I1: dispMMidi | J1: dispMaMidi | K1: dispMSouper | L1: dispMSoir | M1: dispMEmatin | N1: dispMEMidi | O1: dispMEaMidi | P1: dispMESouper | Q1: dispMESoir | R1: dispJmatin | S1: dispJMidi | T1: dispJaMidi | U1: dispJSouper | V1: dispJSoir | W1: dispVmatin | X1: dispVMidi | Y1: dispVaMidi | Z1: dispVSouper | AA1: dispVSoir | AB1: dispSmatin | AC1: dispSMidi | AD1: dispSaMidi | AE1: dispSSouper | AF1: dispSSoir | AG1: dispDmatin | AH1: dispDMidi | AI1: dispDaMidi | AJ1: dispDSouper | AK1: dispDSoir | AL1: dispRegion1 | AM1: dispRegion2 | AN1: dispRegion3 | AO1: dispExperiance | AP1: dispReference
B2: =gescon_intervenant!B1 -> lien_contact | C2: =gescon_intervenant!C1 -> Lu_matin | D2: =gescon_intervenant!D1 -> Lu_repmid | E2: =gescon_intervenant!E1 -> Lu_aprem | F2: =gescon_intervenant!F1 -> Lu_repsoi | G2: =gescon_intervenant!G1 -> Lu_soire | H2: =gescon_intervenant!H1 -> Ma_matin | I2: =gescon_intervenant!I1 -> Ma_repmid | ... AP2: =gescon_intervenant!AP1 -> References
A3: 1 | B3: =gescon_intervenant!B2 -> 2072341970 | C3: =IF(gescon_intervenant!C2=FALSE,0,1) -> 0 | D3: =IF(gescon_intervenant!D2=FALSE,0,1) -> 0 | E3: =IF(gescon_intervenant!E2=FALSE,0,1) -> 0 | F3: =IF(gescon_intervenant!F2=FALSE,0,1) -> 0 | G3: =IF(gescon_intervenant!G2=FALSE,0,1) -> 0 | H3: =IF(gescon_intervenant!H2=FALSE,0,1) -> 0 | I3: =IF(gescon_intervenant!I2=FALSE,0,1) -> 0 | J3: =IF(gescon_intervenant!J2=FALSE,0,1) -> 0 | ... AK3: =IF(gescon_intervenant!AK2=FALSE,0,1) -> 0 | AL3: =gescon_intervenant!AL2 -> Sion | AM3: =gescon_intervenant!AM2 | AN3: =gescon_intervenant!AN2 | AO3: =gescon_intervenant!AO2 | AP3: =gescon_intervenant!AP2
A4: 2 | B4: =gescon_intervenant!B3 -> -554084105 | C4: =IF(gescon_intervenant!C3=FALSE,0,1) -> 0 | D4: =IF(gescon_intervenant!D3=FALSE,0,1) -> 0 | E4: =IF(gescon_intervenant!E3=FALSE,0,1) -> 0 | F4: =IF(gescon_intervenant!F3=FALSE,0,1) -> 0 | G4: =IF(gescon_intervenant!G3=FALSE,0,1) -> 0 | H4: =IF(gescon_intervenant!H3=FALSE,0,1) -> 0 | I4: =IF(gescon_intervenant!I3=FALSE,0,1) -> 0 | J4: =IF(gescon_intervenant!J3=FALSE,0,1) -> 0 | ... AK4: =IF(gescon_intervenant!AK3=FALSE,0,1) -> 0 | AL4: =gescon_intervenant!AL3 -> Sion | AM4: =gescon_intervenant!AM3 | AN4: =gescon_intervenant!AN3 | AO4: =gescon_intervenant!AO3 -> - Particiaption aux activités Cerebral | AP4: =gescon_intervenant!AP3
A5: 3 | B5: =gescon_intervenant!B4 -> -1100872493 | C5: =IF(gescon_intervenant!C4=FALSE,0,1) -> 0 | D5: =IF(gescon_intervenant!D4=FALSE,0,1) -> 0 | E5: =IF(gescon_intervenant!E4=FALSE,0,1) -> 0 | F5: =IF(gescon_intervenant!F4=FALSE,0,1) -> 0 | G5: =IF(gescon_intervenant!G4=FALSE,0,1) -> 0 | H5: =IF(gescon_intervenant!H4=FALSE,0,1) -> 0 | I5: =IF(gescon_intervenant!I4=FALSE,0,1) -> 0 | J5: =IF(gescon_intervenant!J4=FALSE,0,1) -> 0 | ... AK5: =IF(gescon_intervenant!AK4=FALSE,0,1) -> 0 | AL5: =gescon_intervenant!AL4 -> Monthey | AM5: =gescon_intervenant!AM4 -> Martigny | AN5: =gescon_intervenant!AN4 | AO5: =gescon_intervenant!AO4 -> participe aux w-e et camps cerebral | AP5: =gescon_intervenant!AP4
A6: 4 | B6: =gescon_intervenant!B5 -> 1291910802 | C6: =IF(gescon_intervenant!C5=FALSE,0,1) -> 0 | D6: =IF(gescon_intervenant!D5=FALSE,0,1) -> 0 | E6: =IF(gescon_intervenant!E5=FALSE,0,1) -> 0 | F6: =IF(gescon_intervenant!F5=FALSE,0,1) -> 0 | G6: =IF(gescon_intervenant!G5=FALSE,0,1) -> 0 | H6: =IF(gescon_intervenant!H5=FALSE,0,1) -> 0 | I6: =IF(gescon_intervenant!I5=FALSE,0,1) -> 0 | J6: =IF(gescon_intervenant!J5=FALSE,0,1) -> 0 | ... AK6: =IF(gescon_intervenant!AK5=FALSE,0,1) -> 0 | AL6: =gescon_intervenant!AL5 -> Monthey | AM6: =gescon_intervenant!AM5 -> Martigny | AN6: =gescon_intervenant!AN5 | AO6: =gescon_intervenant!AO5 -> participe aux activités cerebral | AP6: =gescon_intervenant!AP5
A7: 5 | B7: =gescon_intervenant!B6 -> 1142412576 | C7: =IF(gescon_intervenant!C6=FALSE,0,1) -> 0 | D7: =IF(gescon_intervenant!D6=FALSE,0,1) -> 0 | E7: =IF(gescon_intervenant!E6=FALSE,0,1) -> 0 | F7: =IF(gescon_intervenant!F6=FALSE,0,1) -> 0 | G7: =IF(gescon_intervenant!G6=FALSE,0,1) -> 0 | H7: =IF(gescon_intervenant!H6=FALSE,0,1) -> 0 | I7: =IF(gescon_intervenant!I6=FALSE,0,1) -> 0 | J7: =IF(gescon_intervenant!J6=FALSE,0,1) -> 0 | ... AK7: =IF(gescon_intervenant!AK6=FALSE,0,1) -> 0 | AL7: =gescon_intervenant!AL6 -> Sion | AM7: =gescon_intervenant!AM6 -> Sierre | AN7: =gescon_intervenant!AN6 -> Savièse | AO7: =gescon_intervenant!AO6 -> participe aux activité Cerebral | AP7: =gescon_intervenant!AP6
A8: 6 | B8: =gescon_intervenant!B7 -> 1317305611 | C8: =IF(gescon_intervenant!C7=FALSE,0,1) -> 0 | D8: =IF(gescon_intervenant!D7=FALSE,0,1) -> 0 | E8: =IF(gescon_intervenant!E7=FALSE,0,1) -> 0 | F8: =IF(gescon_intervenant!F7=FALSE,0,1) -> 0 | G8: =IF(gescon_intervenant!G7=FALSE,0,1) -> 0 | H8: =IF(gescon_intervenant!H7=FALSE,0,1) -> 0 | I8: =IF(gescon_intervenant!I7=FALSE,0,1) -> 0 | J8: =IF(gescon_intervenant!J7=FALSE,0,1) -> 0 | ... AK8: =IF(gescon_intervenant!AK7=FALSE,0,1) -> 0 | AL8: =gescon_intervenant!AL7 -> Conthey | AM8: =gescon_intervenant!AM7 -> Sion | AN8: =gescon_intervenant!AN7 | AO8: =gescon_intervenant!AO7 -> pas disponible 1x par mois le vendredi entre 17h-18h participe aux activités cerebral | AP8: =gescon_intervenant!AP7
A9: 7 | B9: =gescon_intervenant!B8 -> 1924663704 | C9: =IF(gescon_intervenant!C8=FALSE,0,1) -> 0 | D9: =IF(gescon_intervenant!D8=FALSE,0,1) -> 0 | E9: =IF(gescon_intervenant!E8=FALSE,0,1) -> 0 | F9: =IF(gescon_intervenant!F8=FALSE,0,1) -> 0 | G9: =IF(gescon_intervenant!G8=FALSE,0,1) -> 0 | H9: =IF(gescon_intervenant!H8=FALSE,0,1) -> 0 | I9: =IF(gescon_intervenant!I8=FALSE,0,1) -> 0 | J9: =IF(gescon_intervenant!J8=FALSE,0,1) -> 0 | ... AK9: =IF(gescon_intervenant!AK8=FALSE,0,1) -> 0 | AL9: =gescon_intervenant!AL8 -> Sierre | AM9: =gescon_intervenant!AM8 -> Sion | AN9: =gescon_intervenant!AN8 | AO9: =gescon_intervenant!AO8 -> participe aux activités Cerebral | AP9: =gescon_intervenant!AP8
A10: 8 | B10: =gescon_intervenant!B9 -> 1315811525 | C10: =IF(gescon_intervenant!C9=FALSE,0,1) -> 0 | D10: =IF(gescon_intervenant!D9=FALSE,0,1) -> 0 | E10: =IF(gescon_intervenant!E9=FALSE,0,1) -> 0 | F10: =IF(gescon_intervenant!F9=FALSE,0,1) -> 0 | G10: =IF(gescon_intervenant!G9=FALSE,0,1) -> 0 | H10: =IF(gescon_intervenant!H9=FALSE,0,1) -> 0 | I10: =IF(gescon_intervenant!I9=FALSE,0,1) -> 0 | J10: =IF(gescon_intervenant!J9=FALSE,0,1) -> 0 | ... AK10: =IF(gescon_intervenant!AK9=FALSE,0,1) -> 0 | AL10: =gescon_intervenant!AL9 -> Sion | AM10: =gescon_intervenant!AM9 -> Sierre | AN10: =gescon_intervenant!AN9 -> Martigny | AO10: =gescon_intervenant!AO9 -> permis de voiture participe aux activités Cerebral dimanche jusqu'à 20h30 | AP10: =gescon_intervenant!AP9
A11: 9 | B11: =gescon_intervenant!B10 -> 1493190852 | C11: =IF(gescon_intervenant!C10=FALSE,0,1) -> 0 | D11: =IF(gescon_intervenant!D10=FALSE,0,1) -> 0 | E11: =IF(gescon_intervenant!E10=FALSE,0,1) -> 0 | F11: =IF(gescon_intervenant!F10=FALSE,0,1) -> 0 | G11: =IF(gescon_intervenant!G10=FALSE,0,1) -> 0 | H11: =IF(gescon_intervenant!H10=FALSE,0,1) -> 0 | I11: =IF(gescon_intervenant!I10=FALSE,0,1) -> 0 | J11: =IF(gescon_intervenant!J10=FALSE,0,1) -> 0 | ... AK11: =IF(gescon_intervenant!AK10=FALSE,0,1) -> 0 | AL11: =gescon_intervenant!AL10 | AM11: =gescon_intervenant!AM10 | AN11: =gescon_intervenant!AN10 | AO11: =gescon_intervenant!AO10 | AP11: =gescon_intervenant!AP10
A12: 10 | B12: =gescon_intervenant!B11 -> 1314194184 | C12: =IF(gescon_intervenant!C11=FALSE,0,1) -> 0 | D12: =IF(gescon_intervenant!D11=FALSE,0,1) -> 0 | E12: =IF(gescon_intervenant!E11=FALSE,0,1) -> 0 | F12: =IF(gescon_intervenant!F11=FALSE,0,1) -> 0 | G12: =IF(gescon_intervenant!G11=FALSE,0,1) -> 0 | H12: =IF(gescon_intervenant!H11=FALSE,0,1) -> 0 | I12: =IF(gescon_intervenant!I11=FALSE,0,1) -> 0 | J12: =IF(gescon_intervenant!J11=FALSE,0,1) -> 1 | ... AK12: =IF(gescon_intervenant!AK11=FALSE,0,1) -> 1 | AL12: =gescon_intervenant!AL11 -> Martigny | AM12: =gescon_intervenant!AM11 -> Monthey | AN12: =gescon_intervenant!AN11 | AO12: =gescon_intervenant!AO11 -> participe aux activités Cerebral disponible du 16.11.11 au 16.03.12 et toutes les vacances scolaires | AP12: =gescon_intervenant!AP11
A13: 11 | B13: =gescon_intervenant!B12 -> 1290764579 | C13: =IF(gescon_intervenant!C12=FALSE,0,1) -> 0 | D13: =IF(gescon_intervenant!D12=FALSE,0,1) -> 0 | E13: =IF(gescon_intervenant!E12=FALSE,0,1) -> 0 | F13: =IF(gescon_intervenant!F12=FALSE,0,1) -> 0 | G13: =IF(gescon_intervenant!G12=FALSE,0,1) -> 0 | H13: =IF(gescon_intervenant!H12=FALSE,0,1) -> 0 | I13: =IF(gescon_intervenant!I12=FALSE,0,1) -> 0 | J13: =IF(gescon_intervenant!J12=FALSE,0,1) -> 0 | ... AK13: =IF(gescon_intervenant!AK12=FALSE,0,1) -> 0 | AL13: =gescon_intervenant!AL12 -> Monthey | AM13: =gescon_intervenant!AM12 -> Martigny | AN13: =gescon_intervenant!AN12 | AO13: =gescon_intervenant!AO12 -> particiaption aux activités Cerebral + Asa stagiaire à Cerebral en 2011 permis de conduire | AP13: =gescon_intervenant!AP12
A14: 12 | B14: =gescon_intervenant!B13 -> 558428742 | C14: =IF(gescon_intervenant!C13=FALSE,0,1) -> 0 | D14: =IF(gescon_intervenant!D13=FALSE,0,1) -> 0 | E14: =IF(gescon_intervenant!E13=FALSE,0,1) -> 0 | F14: =IF(gescon_intervenant!F13=FALSE,0,1) -> 0 | G14: =IF(gescon_intervenant!G13=FALSE,0,1) -> 0 | H14: =IF(gescon_intervenant!H13=FALSE,0,1) -> 0 | I14: =IF(gescon_intervenant!I13=FALSE,0,1) -> 0 | J14: =IF(gescon_intervenant!J13=FALSE,0,1) -> 0 | ... AK14: =IF(gescon_intervenant!AK13=FALSE,0,1) -> 0 | AL14: =gescon_intervenant!AL13 -> Martigny | AM14: =gescon_intervenant!AM13 -> Monthey | AN14: =gescon_intervenant!AN13 -> Sion | AO14: =gescon_intervenant!AO13 -> participe aux activités Cerebral | AP14: =gescon_intervenant!AP13
... A132: 130 | B132: =gescon_intervenant!B131 -> 2146190076 | C132: =IF(gescon_intervenant!C131=FALSE,0,1) -> 1 | D132: =IF(gescon_intervenant!D131=FALSE,0,1) -> 0 | E132: =IF(gescon_intervenant!E131=FALSE,0,1) -> 0 | F132: =IF(gescon_intervenant!F131=FALSE,0,1) -> 0 | G132: =IF(gescon_intervenant!G131=FALSE,0,1) -> 0 | H132: =IF(gescon_intervenant!H131=FALSE,0,1) -> 1 | I132: =IF(gescon_intervenant!I131=FALSE,0,1) -> 0 | J132: =IF(gescon_intervenant!J131=FALSE,0,1) -> 0 | ... AK132: =IF(gescon_intervenant!AK131=FALSE,0,1) -> 1 | AL132: =gescon_intervenant!AL131 -> Conthey | AM132: =gescon_intervenant!AM131 -> Sion | AN132: =gescon_intervenant!AN131 -> Sierre | AO132: =gescon_intervenant!AO131 -> certains après-midi tous les matins soirées weekends | AP132: =gescon_intervenant!AP131

Sheet Feuil2
